Name,sma_pfast,sma_pslow,Return,MaxDrawDown,TotalTrades#,WinTrades#,LossTrades#,WinRatio,AverageWin$,AverageLoss$,LongestWinStreak,LongestLossStreak,AverageWinLossRatio,RankReturn,RankMaxDrawDown,RankWinRatio,RankAverageWinLossRatio,Score
DoubleSMACross,5,50,0.01,31.3,36,10,26,0.2778,513.6854,-195.7025,2,6,2.6248,243.5,245.0,246.0,99.0,208.375
DoubleSMACross,5,51,0.04,31.17,35,11,24,0.3143,462.0143,-199.3854,2,7,2.3172,235.5,243.5,227.5,157.0,215.875
DoubleSMACross,5,52,0.04,30.88,35,11,24,0.3143,469.3611,-202.524,2,7,2.3176,235.5,241.0,227.5,156.0,215.0
DoubleSMACross,5,53,0.08,29.23,35,13,22,0.3714,420.8253,-213.3469,4,7,1.9725,214.0,233.0,132.0,215.0,198.5
DoubleSMACross,5,54,0.07,28.62,32,12,20,0.375,428.6049,-226.3762,4,6,1.8933,220.5,230.0,129.5,226.0,201.5
DoubleSMACross,5,55,0.1,27.95,33,12,21,0.3636,447.5565,-210.8582,4,6,2.1225,197.5,220.0,149.0,193.0,189.875
DoubleSMACross,5,56,0.14,24.75,30,12,18,0.4,464.7859,-230.521,3,4,2.0162,131.5,138.0,93.5,208.0,142.75
DoubleSMACross,5,57,0.06,25.9,30,9,21,0.3,594.0766,-229.0756,3,6,2.5934,227.5,166.0,237.5,106.0,184.25
DoubleSMACross,5,58,0.06,26.26,32,9,23,0.2812,629.1773,-220.6682,3,6,2.8512,227.5,178.0,244.5,63.0,178.25
DoubleSMACross,5,59,0.03,28.46,32,9,23,0.2812,628.7598,-236.0353,3,7,2.6638,239.5,229.0,244.5,94.0,201.75
DoubleSMACross,5,60,0.03,27.07,30,9,21,0.3,606.053,-245.2212,3,6,2.4715,239.5,199.0,237.5,132.0,202.0
DoubleSMACross,5,61,0.06,26.78,31,11,20,0.3548,517.1134,-254.0873,3,5,2.0352,227.5,192.5,171.0,206.0,199.25
DoubleSMACross,5,62,0.09,25.71,29,10,19,0.3448,568.6724,-253.6033,3,5,2.2424,206.5,159.0,193.0,170.0,182.125
DoubleSMACross,5,63,0.1,25.64,27,9,18,0.3333,650.7663,-267.3529,3,5,2.4341,197.5,157.5,204.5,135.0,173.625
DoubleSMACross,5,64,0.12,25.91,28,10,18,0.3571,583.8824,-261.1191,4,5,2.2361,168.0,167.0,166.0,171.0,168.0
DoubleSMACross,5,65,0.14,23.73,27,10,17,0.3704,593.0827,-262.5722,3,4,2.2587,131.5,106.5,133.5,168.0,134.875
DoubleSMACross,5,66,0.2,23.99,24,10,14,0.4167,556.8794,-244.4683,3,4,2.2779,74.0,120.0,64.5,166.0,106.125
DoubleSMACross,5,67,0.14,24.58,25,8,17,0.32,679.9549,-236.0871,2,5,2.8801,131.5,133.0,218.0,59.0,135.375
DoubleSMACross,5,68,0.11,26.52,27,8,19,0.2963,681.1958,-229.8235,2,5,2.964,184.5,187.0,239.5,51.0,165.5
DoubleSMACross,5,69,0.11,26.3,27,8,19,0.2963,663.431,-223.1316,2,6,2.9733,184.5,180.5,239.5,49.0,163.375
DoubleSMACross,5,70,0.11,26.0,27,9,18,0.3333,580.6465,-229.602,2,6,2.5289,184.5,170.0,204.5,119.0,169.5
DoubleSMACross,5,71,0.15,23.62,25,9,16,0.36,585.294,-236.4813,3,5,2.475,113.5,103.0,159.5,129.5,126.375
DoubleSMACross,5,72,0.14,23.69,23,9,14,0.3913,579.0674,-266.5278,3,4,2.1726,131.5,105.0,110.0,182.0,132.125
DoubleSMACross,5,73,0.14,23.98,22,8,14,0.3636,635.5547,-256.7866,3,4,2.475,131.5,118.0,149.0,129.5,132.0
DoubleSMACross,5,74,0.13,24.93,22,8,14,0.3636,637.8217,-265.4363,3,4,2.4029,151.0,141.0,149.0,140.0,145.25
DoubleSMACross,5,75,0.2,23.29,21,8,13,0.381,632.7452,-223.6092,3,5,2.8297,74.0,91.5,123.5,65.5,88.625
DoubleSMACross,5,76,0.18,23.56,21,8,13,0.381,622.2025,-225.0515,3,5,2.7647,86.5,99.5,123.5,74.0,95.875
DoubleSMACross,5,77,0.18,22.9,20,9,11,0.45,547.4658,-258.9037,3,4,2.1146,86.5,83.0,31.0,195.0,98.875
DoubleSMACross,5,78,0.19,22.41,20,9,11,0.45,550.763,-250.7161,3,4,2.1968,81.0,80.0,31.0,177.0,92.25
DoubleSMACross,5,79,0.2,22.28,20,9,11,0.45,560.205,-251.8688,3,4,2.2242,74.0,79.0,31.0,172.0,89.0
DoubleSMACross,5,80,0.17,21.57,20,8,12,0.4,654.6292,-273.9567,2,4,2.3895,93.5,76.0,93.5,144.0,101.75
DoubleSMACross,5,81,0.18,21.51,20,8,12,0.4,653.6114,-268.7034,2,4,2.4325,86.5,75.0,93.5,136.0,97.75
DoubleSMACross,5,82,0.16,23.58,22,8,14,0.3636,655.8171,-253.9081,2,4,2.5829,101.0,102.0,149.0,109.0,115.25
DoubleSMACross,5,83,0.11,26.12,22,8,14,0.3636,609.9303,-265.9968,2,4,2.293,184.5,174.0,149.0,162.0,167.375
DoubleSMACross,5,84,0.22,18.47,21,9,12,0.4286,574.2327,-226.7642,2,4,2.5323,59.5,48.5,52.0,118.0,69.5
DoubleSMACross,5,85,0.27,18.47,19,9,10,0.4737,573.921,-205.5052,2,4,2.7927,27.5,48.5,18.0,72.0,41.5
DoubleSMACross,5,86,0.28,17.37,18,9,9,0.5,599.0755,-226.7952,3,4,2.6415,21.0,37.0,13.5,98.0,42.375
DoubleSMACross,5,87,0.31,15.48,17,10,7,0.5882,555.5016,-266.8993,3,3,2.0813,4.0,17.0,2.0,198.0,55.25
DoubleSMACross,5,88,0.29,17.82,18,9,9,0.5,597.9717,-222.9107,4,5,2.6826,14.5,43.0,13.5,90.0,40.25
DoubleSMACross,5,89,0.3,17.27,16,8,8,0.5,682.4079,-243.3018,3,4,2.8048,9.0,34.5,13.5,68.0,31.25
DoubleSMACross,5,90,0.25,17.27,15,7,8,0.4667,780.2681,-319.9177,3,3,2.439,43.5,34.5,25.0,134.0,59.25
DoubleSMACross,6,50,0.07,28.83,34,10,24,0.2941,588.2838,-216.5752,3,8,2.7163,220.5,232.0,241.0,83.0,194.125
DoubleSMACross,6,51,0.08,29.75,30,10,20,0.3333,564.2514,-244.1035,3,8,2.3115,214.0,236.0,204.5,158.0,203.125
DoubleSMACross,6,52,0.08,29.43,30,10,20,0.3333,564.5796,-243.04,3,8,2.323,214.0,235.0,204.5,155.0,202.125
DoubleSMACross,6,53,0.13,24.66,31,10,21,0.3226,562.422,-203.9831,3,7,2.7572,151.0,134.5,215.0,75.0,143.875
DoubleSMACross,6,54,0.13,23.83,28,10,18,0.3571,554.0611,-231.3161,3,5,2.3953,151.0,109.5,166.0,143.0,142.375
DoubleSMACross,6,55,0.14,23.87,27,10,17,0.3704,547.0658,-235.2332,3,5,2.3256,131.5,112.5,133.5,153.0,132.625
DoubleSMACross,6,56,0.13,24.36,27,9,18,0.3333,602.8322,-229.8862,3,5,2.6223,151.0,130.0,204.5,100.0,146.375
DoubleSMACross,6,57,0.13,23.29,26,9,17,0.3462,595.8983,-234.8636,3,4,2.5372,151.0,91.5,190.5,115.0,137.0
DoubleSMACross,6,58,0.12,26.14,29,9,20,0.3103,615.6124,-216.2502,3,5,2.8468,168.0,175.0,231.0,64.0,159.5
DoubleSMACross,6,59,0.1,27.2,29,9,20,0.3103,612.7874,-224.6483,3,7,2.7278,197.5,202.0,231.0,78.0,177.125
DoubleSMACross,6,60,0.03,27.6,32,10,22,0.3125,537.9753,-234.0121,3,7,2.2989,239.5,214.0,229.0,161.0,210.875
DoubleSMACross,6,61,0.05,26.68,29,9,20,0.3103,612.9335,-255.5356,3,5,2.3986,232.0,188.0,231.0,142.0,198.25
DoubleSMACross,6,62,0.14,26.82,27,9,18,0.3333,635.3304,-239.2226,3,5,2.6558,131.5,194.0,204.5,96.0,156.5
DoubleSMACross,6,63,0.14,26.72,27,9,18,0.3333,624.1661,-233.3278,1,5,2.6751,131.5,189.0,204.5,92.0,154.25
DoubleSMACross,6,64,0.14,27.27,25,8,17,0.32,699.1589,-247.2835,1,5,2.8274,131.5,206.0,218.0,67.0,155.625
DoubleSMACross,6,65,0.15,26.2,26,8,18,0.3077,700.9306,-229.7527,1,5,3.0508,113.5,176.0,233.5,43.0,141.5
DoubleSMACross,6,66,0.17,25.48,24,7,17,0.2917,766.0527,-208.4636,2,5,3.6748,93.5,154.0,242.0,20.0,127.375
DoubleSMACross,6,67,0.18,25.35,23,8,15,0.3478,663.0328,-228.4282,2,5,2.9026,86.5,148.5,186.0,57.0,119.5
DoubleSMACross,6,68,0.14,27.48,25,8,17,0.32,658.3208,-224.7223,2,5,2.9295,131.5,211.0,218.0,55.0,153.875
DoubleSMACross,6,69,0.12,27.88,23,8,15,0.3478,620.0852,-248.6457,3,5,2.4939,168.0,218.0,186.0,124.0,174.0
DoubleSMACross,6,70,0.13,28.17,24,8,16,0.3333,638.3717,-236.9965,3,6,2.6936,151.0,224.0,204.5,87.0,166.625
DoubleSMACross,6,71,0.17,24.31,22,7,15,0.3182,736.3686,-221.6704,2,4,3.3219,93.5,127.5,223.0,33.0,119.25
DoubleSMACross,6,72,0.2,23.39,21,7,14,0.3333,735.1188,-215.8845,2,4,3.4051,74.0,97.0,204.5,28.0,100.875
DoubleSMACross,6,73,0.2,23.82,20,8,12,0.4,641.6584,-250.67,3,4,2.5598,74.0,108.0,93.5,111.0,96.625
DoubleSMACross,6,74,0.16,23.83,20,8,12,0.4,609.936,-251.1236,3,4,2.4288,101.0,109.5,93.5,137.0,110.25
DoubleSMACross,6,75,0.15,23.73,20,8,12,0.4,582.8056,-247.7927,3,4,2.352,113.5,106.5,93.5,149.0,115.625
DoubleSMACross,6,76,0.15,24.23,21,8,13,0.381,598.656,-235.4024,3,5,2.5431,113.5,125.0,123.5,114.0,119.0
DoubleSMACross,6,77,0.15,23.94,21,9,12,0.4286,524.3169,-245.6631,3,3,2.1343,113.5,116.0,52.0,189.0,117.625
DoubleSMACross,6,78,0.16,23.21,20,9,11,0.45,523.3542,-258.614,3,4,2.0237,101.0,87.5,31.0,207.0,106.625
DoubleSMACross,6,79,0.18,23.25,20,9,11,0.45,540.74,-257.3271,3,4,2.1014,86.5,89.5,31.0,197.0,101.0
DoubleSMACross,6,80,0.18,23.34,19,8,11,0.4211,609.427,-260.9815,2,4,2.3351,86.5,94.5,57.0,151.0,97.25
DoubleSMACross,6,81,0.27,15.85,19,8,11,0.4211,624.2727,-166.1931,2,4,3.7563,27.5,22.0,57.0,17.0,30.875
DoubleSMACross,6,82,0.26,16.24,19,8,11,0.4211,610.6509,-172.1158,2,4,3.5479,35.0,25.0,57.0,23.0,35.0
DoubleSMACross,6,83,0.24,18.04,18,8,10,0.4444,590.2624,-197.3792,2,3,2.9905,49.0,47.0,37.5,45.0,44.625
DoubleSMACross,6,84,0.23,18.83,18,8,10,0.4444,588.4117,-215.7586,2,3,2.7272,53.5,53.0,37.5,80.0,56.0
DoubleSMACross,6,85,0.21,20.84,18,8,10,0.4444,580.3102,-234.5528,2,4,2.4741,65.5,73.0,37.5,131.0,76.75
DoubleSMACross,6,86,0.22,19.96,18,8,10,0.4444,591.7208,-220.1959,2,4,2.6872,59.5,67.0,37.5,89.0,63.25
DoubleSMACross,6,87,0.23,19.49,17,9,8,0.5294,535.4425,-274.5862,4,3,1.95,53.5,61.0,7.0,221.0,85.625
DoubleSMACross,6,88,0.21,20.48,17,8,9,0.4706,593.7539,-255.5857,4,4,2.3231,65.5,72.0,20.5,154.0,78.0
DoubleSMACross,6,89,0.22,20.31,16,7,9,0.4375,693.6038,-257.1714,3,4,2.697,59.5,71.0,43.0,86.0,64.875
DoubleSMACross,6,90,0.24,18.87,15,7,8,0.4667,698.1381,-266.6515,3,4,2.6182,49.0,54.0,25.0,102.0,57.5
DoubleSMACross,7,50,0.02,31.03,32,11,21,0.3438,496.9975,-252.3629,3,6,1.9694,242.0,242.0,194.0,216.0,223.5
DoubleSMACross,7,51,0.05,27.59,31,11,20,0.3548,502.4598,-251.1298,3,5,2.0008,232.0,213.0,171.0,212.0,207.0
DoubleSMACross,7,52,0.09,25.83,28,10,18,0.3571,540.8034,-251.2749,3,6,2.1522,206.5,162.5,166.0,184.0,179.75
DoubleSMACross,7,53,0.07,26.43,28,10,18,0.3571,508.9433,-245.0325,3,6,2.077,220.5,186.0,166.0,199.0,192.875
DoubleSMACross,7,54,0.07,27.19,28,10,18,0.3571,513.5942,-249.5223,3,5,2.0583,220.5,201.0,166.0,202.0,197.375
DoubleSMACross,7,55,0.07,28.04,27,9,18,0.3333,570.1803,-252.0279,3,6,2.2624,220.5,221.5,204.5,167.0,203.375
DoubleSMACross,7,56,0.09,24.19,25,9,16,0.36,570.4229,-265.4621,3,5,2.1488,206.5,124.0,159.5,186.0,169.0
DoubleSMACross,7,57,0.11,23.98,26,9,17,0.3462,596.2902,-252.6954,3,5,2.3597,184.5,118.0,190.5,148.0,160.25
DoubleSMACross,7,58,0.1,24.0,28,9,19,0.3214,586.8596,-228.0072,3,5,2.5739,197.5,121.0,216.0,110.0,161.125
DoubleSMACross,7,59,0.11,23.92,25,9,16,0.36,588.086,-265.7248,3,4,2.2131,184.5,114.5,159.5,173.0,157.875
DoubleSMACross,7,60,0.1,24.88,26,9,17,0.3462,599.8901,-262.3568,3,4,2.2865,197.5,139.0,190.5,163.0,172.5
DoubleSMACross,7,61,0.06,25.79,28,8,20,0.2857,666.2071,-238.277,1,5,2.7959,227.5,160.0,243.0,71.0,175.375
DoubleSMACross,7,62,0.11,25.03,25,9,16,0.36,599.4894,-272.9879,1,4,2.196,184.5,143.0,159.5,179.0,166.5
DoubleSMACross,7,63,0.13,23.16,24,8,16,0.3333,671.0951,-252.4933,1,4,2.6579,151.0,86.0,204.5,95.0,134.125
DoubleSMACross,7,64,0.17,23.36,23,7,16,0.3043,806.8578,-241.6846,1,4,3.3385,93.5,96.0,235.5,32.0,114.25
DoubleSMACross,7,65,0.15,23.4,23,7,16,0.3043,703.9852,-210.7698,2,4,3.3401,113.5,98.0,235.5,31.0,119.5
DoubleSMACross,7,66,0.14,24.33,22,7,15,0.3182,678.7116,-221.8777,2,4,3.0589,131.5,129.0,223.0,42.0,131.375
DoubleSMACross,7,67,0.13,25.64,21,9,12,0.4286,520.4662,-278.9868,3,4,1.8656,151.0,157.5,52.0,231.0,147.875
DoubleSMACross,7,68,0.14,25.17,22,8,14,0.3636,607.387,-239.4974,3,4,2.5361,131.5,146.0,149.0,116.0,135.625
DoubleSMACross,7,69,0.11,26.03,22,8,14,0.3636,585.9139,-246.0606,3,4,2.3812,184.5,171.5,149.0,145.0,162.5
DoubleSMACross,7,70,0.11,26.03,22,7,15,0.3182,674.4343,-230.0548,2,4,2.9316,184.5,171.5,223.0,54.0,158.25
DoubleSMACross,7,71,0.12,25.56,23,8,15,0.3478,606.0012,-231.8425,2,4,2.6138,168.0,155.0,186.0,103.0,153.0
DoubleSMACross,7,72,0.16,23.57,21,8,13,0.381,601.7849,-231.6452,2,4,2.5979,101.0,101.0,123.5,105.0,107.625
DoubleSMACross,7,73,0.14,24.46,20,8,12,0.4,586.9851,-254.2123,3,4,2.309,131.5,132.0,93.5,159.0,129.0
DoubleSMACross,7,74,0.14,24.14,20,7,13,0.35,658.0387,-230.2581,2,4,2.8578,131.5,122.0,180.0,62.0,123.875
DoubleSMACross,7,75,0.14,24.68,20,7,13,0.35,656.1792,-234.2269,2,4,2.8015,131.5,136.0,180.0,69.0,129.125
DoubleSMACross,7,76,0.15,24.38,20,7,13,0.35,687.2491,-233.5665,2,4,2.9424,113.5,131.0,180.0,53.0,119.375
DoubleSMACross,7,77,0.16,23.92,20,8,12,0.4,595.9671,-246.6819,3,4,2.4159,101.0,114.5,93.5,138.0,111.75
DoubleSMACross,7,78,0.15,24.66,20,8,12,0.4,594.9004,-258.3628,3,4,2.3026,113.5,134.5,93.5,160.0,125.375
DoubleSMACross,7,79,0.2,21.6,20,8,12,0.4,621.5441,-229.9062,3,4,2.7035,74.0,77.0,93.5,85.0,82.375
DoubleSMACross,7,80,0.31,14.42,19,8,11,0.4211,680.4969,-165.6365,2,3,4.1084,4.0,3.0,57.0,11.0,18.75
DoubleSMACross,7,81,0.3,15.51,19,8,11,0.4211,676.2788,-173.4382,2,3,3.8992,9.0,18.0,57.0,15.0,24.75
DoubleSMACross,7,82,0.3,15.32,18,7,11,0.3889,763.5812,-172.5404,2,3,4.4255,9.0,13.5,114.0,9.0,36.375
DoubleSMACross,7,83,0.29,15.32,17,7,10,0.4118,743.2639,-185.9502,2,3,3.9971,14.5,13.5,74.5,13.0,28.875
DoubleSMACross,7,84,0.3,14.39,17,7,10,0.4118,756.1382,-167.7175,2,3,4.5084,9.0,2.0,74.5,6.0,22.875
DoubleSMACross,7,85,0.28,15.73,17,6,11,0.3529,848.1583,-160.6839,2,7,5.2784,21.0,20.0,174.5,2.0,54.375
DoubleSMACross,7,86,0.25,18.5,18,6,12,0.3333,835.2574,-180.3395,2,8,4.6316,43.5,50.0,204.5,5.0,75.75
DoubleSMACross,7,87,0.28,17.04,17,8,9,0.4706,654.9022,-219.0954,4,4,2.9891,21.0,30.0,20.5,46.0,29.375
DoubleSMACross,7,88,0.28,16.86,16,7,9,0.4375,759.4904,-218.2877,3,4,3.4793,21.0,27.0,43.0,25.0,29.0
DoubleSMACross,7,89,0.26,17.84,16,7,9,0.4375,756.0282,-245.3848,3,4,3.081,35.0,44.0,43.0,39.0,40.25
DoubleSMACross,7,90,0.25,19.19,15,7,8,0.4667,766.0436,-300.1841,3,4,2.5519,43.5,59.0,25.0,112.0,59.875
DoubleSMACross,8,50,-0.0,30.71,30,10,20,0.3333,506.8764,-259.7559,3,7,1.9514,245.5,239.0,204.5,220.0,227.25
DoubleSMACross,8,51,0.01,30.08,30,10,20,0.3333,512.6352,-255.4271,3,7,2.007,243.5,238.0,204.5,211.0,224.25
DoubleSMACross,8,52,0.04,28.04,28,10,18,0.3571,503.6002,-263.4479,3,6,1.9116,235.5,221.5,166.0,223.0,211.5
DoubleSMACross,8,53,0.07,25.85,26,10,16,0.3846,491.092,-270.0115,3,5,1.8188,220.5,164.0,118.0,232.0,183.625
DoubleSMACross,8,54,0.1,24.97,25,9,16,0.36,566.2488,-256.8697,3,4,2.2044,197.5,142.0,159.5,174.0,168.25
DoubleSMACross,8,55,0.12,24.31,24,9,15,0.375,588.2942,-274.3221,3,4,2.1445,168.0,127.5,129.5,187.0,153.0
DoubleSMACross,8,56,0.16,23.33,24,10,14,0.4167,561.5072,-287.469,3,4,1.9533,101.0,93.0,64.5,219.0,119.375
DoubleSMACross,8,57,0.15,23.1,25,10,15,0.4,548.4456,-264.0882,3,4,2.0768,113.5,85.0,93.5,200.0,123.0
DoubleSMACross,8,58,0.15,22.46,23,9,14,0.3913,605.9548,-279.5517,2,4,2.1676,113.5,81.0,110.0,183.0,121.875
DoubleSMACross,8,59,0.14,22.65,25,10,15,0.4,534.7521,-265.4254,2,5,2.0147,131.5,82.0,93.5,209.0,129.0
DoubleSMACross,8,60,0.15,23.67,24,9,15,0.375,614.7779,-262.4904,2,4,2.3421,113.5,104.0,129.5,150.0,124.25
DoubleSMACross,8,61,0.1,25.45,25,9,16,0.36,603.6621,-274.8181,2,4,2.1966,197.5,151.0,159.5,178.0,171.5
DoubleSMACross,8,62,0.07,25.8,26,9,17,0.3462,558.7087,-253.657,1,3,2.2026,220.5,161.0,190.5,175.0,186.75
DoubleSMACross,8,63,0.09,25.04,24,9,15,0.375,566.416,-278.174,3,4,2.0362,206.5,144.0,129.5,205.0,171.25
DoubleSMACross,8,64,0.1,25.87,24,10,14,0.4167,511.8277,-294.7598,3,4,1.7364,197.5,165.0,64.5,239.0,166.5
DoubleSMACross,8,65,0.12,25.06,22,9,13,0.4091,534.3176,-265.9893,3,4,2.0088,168.0,145.0,78.5,210.0,150.375
DoubleSMACross,8,66,0.11,25.35,22,9,13,0.4091,532.8763,-268.1358,3,4,1.9873,184.5,148.5,78.5,214.0,156.375
DoubleSMACross,8,67,0.12,25.28,21,9,12,0.4286,510.7214,-271.3482,3,4,1.8822,168.0,147.0,52.0,227.0,148.5
DoubleSMACross,8,68,0.09,27.46,21,8,13,0.381,581.4667,-273.9097,3,4,2.1228,206.5,210.0,123.5,192.0,183.0
DoubleSMACross,8,69,0.09,27.24,22,8,14,0.3636,585.704,-260.7939,3,4,2.2459,206.5,204.5,149.0,169.0,182.25
DoubleSMACross,8,70,0.21,17.98,21,8,13,0.381,603.1983,-187.321,3,4,3.2201,65.5,46.0,123.5,37.0,68.0
DoubleSMACross,8,71,0.08,27.92,22,8,14,0.3636,586.2507,-266.4225,3,4,2.2005,214.0,219.0,149.0,176.0,189.5
DoubleSMACross,8,72,0.12,26.27,22,8,14,0.3636,602.4783,-242.0773,3,4,2.4888,168.0,179.0,149.0,125.0,155.25
DoubleSMACross,8,73,0.14,26.88,20,8,12,0.4,605.2806,-281.2707,3,4,2.152,131.5,196.0,93.5,185.0,151.5
DoubleSMACross,8,74,0.13,27.86,20,8,12,0.4,619.9983,-294.8901,3,4,2.1025,151.0,217.0,93.5,196.0,164.375
DoubleSMACross,8,75,0.13,27.41,20,8,12,0.4,609.7008,-288.1151,3,4,2.1162,151.0,209.0,93.5,194.0,161.875
DoubleSMACross,8,76,0.15,26.74,20,8,12,0.4,618.8323,-281.9068,3,4,2.1952,113.5,190.0,93.5,180.0,144.25
DoubleSMACross,8,77,0.16,25.96,20,8,12,0.4,636.7907,-279.381,3,4,2.2793,101.0,169.0,93.5,165.0,132.125
DoubleSMACross,8,78,0.17,24.89,21,8,13,0.381,633.9716,-250.0702,3,4,2.5352,93.5,140.0,123.5,117.0,118.5
DoubleSMACross,8,79,0.26,17.17,20,8,12,0.4,650.7846,-184.8651,3,4,3.5203,35.0,32.0,93.5,24.0,46.125
DoubleSMACross,8,80,0.26,17.09,20,8,12,0.4,645.4404,-180.9406,3,4,3.5671,35.0,31.0,93.5,22.0,45.375
DoubleSMACross,8,81,0.27,17.19,18,7,11,0.3889,754.6643,-198.1809,2,3,3.808,27.5,33.0,114.0,16.0,47.625
DoubleSMACross,8,82,0.26,17.31,18,7,11,0.3889,745.6775,-199.4297,2,3,3.739,35.0,36.0,114.0,18.0,50.75
DoubleSMACross,8,83,0.26,17.53,17,6,11,0.3529,847.5294,-190.7425,2,7,4.4433,35.0,40.0,174.5,8.0,64.375
DoubleSMACross,8,84,0.25,18.94,17,6,11,0.3529,857.4191,-205.0284,2,7,4.182,43.5,55.0,174.5,10.0,70.75
DoubleSMACross,8,85,0.23,19.08,17,6,11,0.3529,819.6941,-204.5868,2,7,4.0066,53.5,57.0,174.5,12.0,74.25
DoubleSMACross,8,86,0.25,17.67,17,7,10,0.4118,709.8233,-207.0435,2,4,3.4284,43.5,41.0,74.5,26.0,46.25
DoubleSMACross,8,87,0.26,17.77,16,7,9,0.4375,716.1062,-222.8417,3,4,3.2135,35.0,42.0,43.0,38.0,39.5
DoubleSMACross,8,88,0.28,16.76,15,7,8,0.4667,764.6398,-249.5534,3,4,3.064,21.0,26.0,25.0,41.0,28.25
DoubleSMACross,8,89,0.29,15.57,14,7,7,0.5,763.2619,-261.9286,3,4,2.914,14.5,19.0,13.5,56.0,25.75
DoubleSMACross,8,90,0.26,17.43,15,7,8,0.4667,742.6122,-259.3725,3,4,2.8631,35.0,38.0,25.0,61.0,39.75
DoubleSMACross,9,50,0.0,30.75,30,12,18,0.4,426.1553,-285.7156,3,4,1.4915,245.5,240.0,93.5,246.0,206.25
DoubleSMACross,9,51,0.13,23.34,30,12,18,0.4,446.8036,-224.7707,3,5,1.9878,151.0,94.5,93.5,213.0,138.0
DoubleSMACross,9,52,0.06,28.44,29,12,17,0.4138,430.4137,-271.1464,3,5,1.5874,227.5,228.0,70.5,245.0,192.75
DoubleSMACross,9,53,0.08,25.94,26,10,16,0.3846,526.6347,-280.5603,3,5,1.8771,214.0,168.0,118.0,229.0,182.25
DoubleSMACross,9,54,0.09,26.31,25,10,15,0.4,537.8147,-301.668,3,4,1.7828,206.5,182.0,93.5,235.0,179.25
DoubleSMACross,9,55,0.14,25.46,24,10,14,0.4167,589.4392,-315.1413,3,4,1.8704,131.5,152.0,64.5,230.0,144.5
DoubleSMACross,9,56,0.11,25.57,24,10,14,0.4167,543.7973,-304.4186,3,4,1.7863,184.5,156.0,64.5,234.0,159.75
DoubleSMACross,9,57,0.11,25.42,23,10,13,0.4348,532.065,-324.4722,3,4,1.6398,184.5,150.0,47.5,244.0,156.5
DoubleSMACross,9,58,0.12,25.83,23,10,13,0.4348,566.8291,-341.452,3,4,1.6601,168.0,162.5,47.5,242.0,155.0
DoubleSMACross,9,59,0.11,26.3,24,10,14,0.4167,552.6438,-315.0746,3,4,1.754,184.5,180.5,64.5,238.0,166.875
DoubleSMACross,9,60,0.11,26.35,24,10,14,0.4167,553.2086,-312.0263,3,4,1.773,184.5,183.0,64.5,236.0,167.0
DoubleSMACross,9,61,0.23,19.18,23,10,13,0.4348,589.5528,-258.168,3,3,2.2836,53.5,58.0,47.5,164.0,80.75
DoubleSMACross,9,62,0.07,26.76,24,10,14,0.4167,520.6707,-311.6577,3,3,1.6706,220.5,191.0,64.5,241.0,179.25
DoubleSMACross,9,63,0.16,19.89,23,8,15,0.3478,641.361,-216.3387,3,4,2.9646,101.0,66.0,186.0,50.0,100.75
DoubleSMACross,9,64,0.09,27.34,22,7,15,0.3182,733.0932,-269.5339,3,8,2.7199,206.5,207.0,223.0,82.0,179.625
DoubleSMACross,9,65,0.11,27.09,22,7,15,0.3182,735.0154,-255.7399,3,8,2.8741,184.5,200.0,223.0,60.0,166.875
DoubleSMACross,9,66,0.13,27.21,22,8,14,0.3636,616.7102,-247.1252,3,7,2.4955,151.0,203.0,149.0,123.0,156.5
DoubleSMACross,9,67,0.12,28.7,22,8,14,0.3636,623.7814,-259.7218,3,4,2.4017,168.0,231.0,149.0,141.0,172.25
DoubleSMACross,9,68,0.15,27.72,23,9,14,0.3913,561.7489,-241.1418,3,5,2.3295,113.5,215.0,110.0,152.0,147.625
DoubleSMACross,9,69,0.16,26.42,21,8,13,0.381,613.4955,-244.2411,3,4,2.5118,101.0,185.0,123.5,121.0,132.625
DoubleSMACross,9,70,0.23,19.61,20,7,13,0.35,715.0229,-181.8621,2,4,3.9317,53.5,63.0,180.0,14.0,77.625
DoubleSMACross,9,71,0.11,29.37,21,7,14,0.3333,696.2399,-262.8488,2,4,2.6488,184.5,234.0,204.5,97.0,180.0
DoubleSMACross,9,72,0.06,31.17,22,7,15,0.3182,689.7087,-278.4164,2,4,2.4773,227.5,243.5,223.0,127.0,205.25
DoubleSMACross,9,73,0.09,30.07,21,7,14,0.3333,679.4315,-272.2497,2,4,2.4956,206.5,237.0,204.5,122.0,192.5
DoubleSMACross,9,74,0.12,28.38,20,7,13,0.35,726.8579,-293.4844,2,4,2.4766,168.0,226.0,180.0,128.0,175.5
DoubleSMACross,9,75,0.11,28.19,21,7,14,0.3333,703.7739,-269.3632,2,4,2.6127,184.5,225.0,204.5,104.0,179.5
DoubleSMACross,9,76,0.11,28.12,22,7,15,0.3182,719.0177,-254.0981,2,4,2.8297,184.5,223.0,223.0,65.5,174.0
DoubleSMACross,9,77,0.13,27.82,20,7,13,0.35,720.9706,-285.1267,2,4,2.5286,151.0,216.0,180.0,120.0,166.75
DoubleSMACross,9,78,0.15,26.08,20,7,13,0.35,716.3048,-262.6385,2,4,2.7273,113.5,173.0,180.0,79.0,136.375
DoubleSMACross,9,79,0.22,19.07,22,8,14,0.3636,631.6733,-184.403,3,4,3.4255,59.5,56.0,149.0,27.0,72.875
DoubleSMACross,9,80,0.21,20.17,21,7,14,0.3333,718.0027,-194.4814,3,8,3.6919,65.5,70.0,204.5,19.0,89.75
DoubleSMACross,9,81,0.23,19.59,19,7,12,0.3684,738.6116,-217.7616,2,4,3.3918,53.5,62.0,138.0,30.0,70.875
DoubleSMACross,9,82,0.25,18.62,18,8,10,0.4444,660.9866,-239.9092,2,3,2.7552,43.5,51.5,37.5,76.0,52.125
DoubleSMACross,9,83,0.2,20.15,18,8,10,0.4444,607.335,-256.1465,2,3,2.371,74.0,68.5,37.5,147.0,81.75
DoubleSMACross,9,84,0.2,20.15,17,8,9,0.4706,603.779,-281.6241,2,3,2.1439,74.0,68.5,20.5,188.0,87.75
DoubleSMACross,9,85,0.2,19.7,17,7,10,0.4118,677.5829,-248.6209,2,4,2.7254,74.0,65.0,74.5,81.0,73.625
DoubleSMACross,9,86,0.22,17.93,17,7,10,0.4118,691.2325,-226.6669,2,4,3.0496,59.5,45.0,74.5,44.0,55.75
DoubleSMACross,9,87,0.25,15.75,16,7,9,0.4375,697.8933,-214.2918,2,4,3.2567,43.5,21.0,43.0,34.0,35.375
DoubleSMACross,9,88,0.26,15.91,14,7,7,0.5,713.7338,-259.1439,3,4,2.7542,35.0,23.0,13.5,77.0,37.125
DoubleSMACross,9,89,0.27,14.87,14,7,7,0.5,718.5496,-256.7308,3,4,2.7988,27.5,10.0,13.5,70.0,30.25
DoubleSMACross,9,90,0.27,14.53,13,7,6,0.5385,722.7129,-291.1414,3,3,2.4823,27.5,6.0,6.0,126.0,41.375
DoubleSMACross,10,50,0.05,27.02,31,12,19,0.3871,424.4202,-240.964,3,4,1.7613,232.0,197.5,116.0,237.0,195.625
DoubleSMACross,10,51,0.13,22.98,29,12,17,0.4138,440.2432,-232.4419,3,4,1.894,151.0,84.0,70.5,225.0,132.625
DoubleSMACross,10,52,0.03,31.79,31,11,20,0.3548,466.9619,-245.7922,3,7,1.8998,239.5,246.0,171.0,224.0,220.125
DoubleSMACross,10,53,0.04,26.78,28,10,18,0.3571,479.8954,-246.3804,3,5,1.9478,235.5,192.5,166.0,222.0,204.0
DoubleSMACross,10,54,0.09,25.47,26,10,16,0.3846,522.4602,-266.8671,3,4,1.9578,206.5,153.0,118.0,217.0,173.625
DoubleSMACross,10,55,0.14,24.15,25,10,15,0.4,527.9316,-257.5009,3,4,2.0502,131.5,123.0,93.5,204.0,138.0
DoubleSMACross,10,56,0.13,24.24,24,10,14,0.4167,516.2339,-274.4743,3,4,1.8808,151.0,126.0,64.5,228.0,142.375
DoubleSMACross,10,57,0.12,23.25,23,10,13,0.4348,509.3129,-284.1566,3,4,1.7924,168.0,89.5,47.5,233.0,134.5
DoubleSMACross,10,58,0.13,23.87,24,10,14,0.4167,514.3674,-263.1848,3,4,1.9544,151.0,112.5,64.5,218.0,136.5
DoubleSMACross,10,59,0.12,24.72,23,9,14,0.3913,568.6732,-267.2412,3,4,2.1279,168.0,137.0,110.0,191.0,151.5
DoubleSMACross,10,60,0.22,16.96,23,9,14,0.3913,594.9297,-201.5316,3,4,2.952,59.5,28.0,110.0,52.0,62.375
DoubleSMACross,10,61,0.24,17.03,21,9,12,0.4286,612.7029,-220.7519,3,4,2.7755,49.0,29.0,52.0,73.0,50.75
DoubleSMACross,10,62,0.19,17.5,23,8,15,0.3478,673.1683,-208.7742,3,4,3.2244,81.0,39.0,186.0,35.0,85.25
DoubleSMACross,10,63,0.15,18.62,24,8,16,0.3333,633.1963,-212.1637,3,4,2.9845,113.5,51.5,204.5,47.0,104.125
DoubleSMACross,10,64,0.18,19.67,26,8,18,0.3077,675.1372,-184.8736,3,5,3.6519,86.5,64.0,233.5,21.0,101.25
DoubleSMACross,10,65,0.13,26.41,24,8,16,0.3333,677.1144,-251.5455,3,5,2.6918,151.0,184.0,204.5,88.0,156.875
DoubleSMACross,10,66,0.13,28.43,22,8,14,0.3636,633.2451,-262.3219,3,8,2.414,151.0,227.0,149.0,139.0,166.5
DoubleSMACross,10,67,0.15,26.24,22,8,14,0.3636,621.301,-237.2626,3,4,2.6186,113.5,177.0,149.0,101.0,135.125
DoubleSMACross,10,68,0.29,15.42,20,9,11,0.45,586.4673,-172.5354,3,3,3.3991,14.5,15.0,31.0,29.0,22.375
DoubleSMACross,10,69,0.31,14.63,19,7,12,0.3684,767.2256,-142.6889,2,4,5.3769,4.0,8.0,138.0,1.0,37.75
DoubleSMACross,10,70,0.31,14.63,19,7,12,0.3684,778.1237,-149.2489,2,4,5.2136,4.0,8.0,138.0,3.0,38.25
DoubleSMACross,10,71,0.29,14.63,19,7,12,0.3684,722.7981,-145.6926,2,4,4.9611,14.5,8.0,138.0,4.0,41.125
DoubleSMACross,10,72,0.27,16.01,19,7,12,0.3684,731.5356,-163.4819,2,4,4.4747,27.5,24.0,138.0,7.0,49.125
DoubleSMACross,10,73,0.14,26.83,19,7,12,0.3684,660.3535,-259.2087,2,4,2.5476,131.5,195.0,138.0,113.0,144.375
DoubleSMACross,10,74,0.13,27.24,20,8,12,0.4,570.5763,-262.5407,3,4,2.1733,151.0,204.5,93.5,181.0,157.5
DoubleSMACross,10,75,0.12,27.51,20,8,12,0.4,585.6117,-285.135,2,4,2.0538,168.0,212.0,93.5,203.0,169.125
DoubleSMACross,10,76,0.12,27.4,20,8,12,0.4,596.4169,-287.2912,2,4,2.076,168.0,208.0,93.5,201.0,167.625
DoubleSMACross,10,77,0.17,27.02,20,8,12,0.4,627.1493,-264.1033,3,4,2.3746,93.5,197.5,93.5,146.0,132.625
DoubleSMACross,10,78,0.21,23.21,19,10,9,0.5263,508.8209,-294.5668,3,3,1.7274,65.5,87.5,8.5,240.0,100.375
DoubleSMACross,10,79,0.2,23.98,19,10,9,0.5263,501.5779,-303.2423,3,3,1.654,74.0,118.0,8.5,243.0,110.875
DoubleSMACross,10,80,0.18,23.85,20,9,11,0.45,533.3676,-250.2083,3,4,2.1317,86.5,111.0,31.0,190.0,104.625
DoubleSMACross,10,81,0.21,21.48,20,8,12,0.4,633.1191,-219.3525,3,4,2.8863,65.5,74.0,93.5,58.0,72.75
DoubleSMACross,10,82,0.2,22.24,19,7,12,0.3684,708.5336,-219.9416,3,6,3.2215,74.0,78.0,138.0,36.0,81.5
DoubleSMACross,10,83,0.19,23.56,17,7,10,0.4118,690.9461,-266.4682,3,6,2.593,81.0,99.5,74.5,107.0,90.5
DoubleSMACross,10,84,0.25,19.21,17,8,9,0.4706,628.0522,-232.1904,3,4,2.7049,43.5,60.0,20.5,84.0,52.0
DoubleSMACross,10,85,0.28,14.92,16,8,8,0.5,627.8301,-204.67,4,4,3.0675,21.0,11.0,13.5,40.0,21.375
DoubleSMACross,10,86,0.28,15.44,16,8,8,0.5,629.1141,-211.438,4,4,2.9754,21.0,16.0,13.5,48.0,24.625
DoubleSMACross,10,87,0.3,15.06,14,8,6,0.5714,649.3372,-243.7105,4,4,2.6644,9.0,12.0,4.0,93.0,29.5
DoubleSMACross,10,88,0.31,14.52,14,8,6,0.5714,660.1705,-246.2234,4,4,2.6812,4.0,4.5,4.0,91.0,25.875
DoubleSMACross,10,89,0.29,14.52,14,8,6,0.5714,630.5285,-243.3677,4,4,2.5908,14.5,4.5,4.0,108.0,32.75
DoubleSMACross,10,90,0.34,13.04,13,8,5,0.6154,688.1629,-280.6239,4,3,2.4523,1.0,1.0,1.0,133.0,34.0
